<?xml version="1.0" encoding="utf-8"?>
<openerp>
    <data>
        <!-- Add direct debit as payment option -->
        <record model="payment.mode.type" id="manual_direct_debit">
            <field name="name">Manual Direct Debit</field>
            <field name="code">MANDDEB</field>
            <field name="suitable_bank_types"
                eval="[(6,0,[ref('base.bank_normal'),ref('base_iban.bank_iban'),])]" />
            <field name="ir_model_id"
                   ref="account_banking_payment_export.model_payment_manual"/>
            <field name="payment_order_type">debit</field>
        </record>
    </data>
</openerp>
