<?xml version="1.0" encoding="utf-8"?>
<!--
    Copyright (C) 2015 Akretion (http://www.akretion.com/)
    @author: Alexis de Lattre <alexis.delattre@akretion.com>
    The licence is in the file __openerp__.py
-->

<openerp>
<data noupdate="1">

<record id="bank_payment_line_seq_type" model="ir.sequence.type">
    <field name="name">Bank Payment Line</field>
    <field name="code">bank.payment.line</field>
</record>

<record id="bank_payment_line_seq" model="ir.sequence">
    <field name="name">Bank Payment Line</field>
    <field name="code">bank.payment.line</field>
    <field name="prefix">BPL</field>
    <field name="padding">5</field>
    <field name="number_next">1</field>
    <field name="company_id" eval="False"/>
</record>

</data>
</openerp>
